state,county,Polarization Indicator,Mean,const
Alabama,Autauga,5.362174349358081,63.066,1
Alabama,Barbour,3.1741140496207754,37.725,1
Alabama,Blount,9.650211514701686,55.127,1
Alabama,Butler,4.792622535651099,27.993,1
Alabama,Chambers,3.7928277272603217,49.554,1
Alabama,Chilton,9.252311233302452,43.767,1
Alabama,Colbert,5.651652543335288,60.729,1
Alabama,Coosa,5.9404092063141185,31.229,1
Alabama,Covington,9.82157902957291,49.699,1
Alabama,Cullman,8.107042489776063,50.715,1
Alabama,DeKalb,8.155549461133015,47.929,1
Alabama,Elmore,6.298678170329611,46.319,1
Alabama,Escambia,6.955725254862947,33.737,1
Alabama,Etowah,6.152485722756322,42.251,1
Alabama,Franklin,8.453728008481189,39.22,1
Alabama,Geneva,9.524478267837551,41.057,1
Alabama,Greene,13.713588151902478,32.777,1
Alabama,Hale,5.767726299562651,36.439,1
Alabama,Jackson,8.004265930887696,56.029,1
Alabama,Jefferson,2.8386819967466197,93.682,1
Alabama,Lamar,11.257517813313607,44.572,1
Alabama,Lawrence,7.7195749063464545,42.079,1
Alabama,Lee,3.2400319469943284,55.199,1
Alabama,Marion,8.790937125219834,56.934,1
Alabama,Mobile,2.9826497326824786,38.773,1
Alabama,Morgan,5.663500924202856,57.994,1
Alabama,Pickens,5.4982514703102865,28.347,1
Alabama,Randolph,9.205795276165263,48.217,1
Alabama,Shelby,4.840128260094716,54.606,1
Alabama,Sumter,8.232726023485645,22.603,1
Alabama,Talladega,5.600800435405763,54.807,1
Alabama,Tallapoosa,7.339606425770192,55.849,1
Alabama,Tuscaloosa,3.2172018271938154,62.41,1
Alabama,Walker,7.9609826974427,51.907,1
Alabama,Washington,8.929767115705804,67.392,1
Arizona,Apache,5.143260152860246,45.103,1
Arizona,Cochise,3.160273893364479,35.045,1
Arizona,Coconino,3.3251151825829446,41.489,1
Arizona,Gila,5.133415559572649,112.5,1
Arizona,Graham,5.614785979558271,55.575,1
Arizona,Maricopa,1.16852463060303,94.418,1
Arizona,Mohave,6.333051629545933,56.286,1
Arizona,Navajo,2.398406828768908,27.046,1
Arizona,Pima,3.4869692395027836,58.579,1
Arizona,Pinal,3.346964653178846,51.765,1
Arizona,Santa Cruz,5.506645449346044,41.648,1
Arizona,Yavapai,4.414853842325185,56.44,1
Arizona,Yuma,1.9126438324424215,41.087,1
Arkansas,Arkansas,3.8240723596402706,50.576,1
Arkansas,Ashley,3.6782664760420367,43.595,1
Arkansas,Benton,2.928570957462608,51.528,1
Arkansas,Bradley,3.267444028011876,40.194,1
Arkansas,Clay,4.810482381294078,41.443,1
Arkansas,Cleburne,4.786657279572866,56.439,1
Arkansas,Columbia,2.9822876680661334,47.447,1
Arkansas,Conway,2.8616131442307227,55.086,1
Arkansas,Craighead,3.635126859797565,42.53,1
Arkansas,Crawford,5.098645945365345,38.94,1
Arkansas,Dallas,2.323409152193297,38.731,1
Arkansas,Faulkner,3.111773213156846,61.441,1
Arkansas,Fulton,4.877357674620436,141.25,1
Arkansas,Garland,3.721156353648007,52.558,1
Arkansas,Grant,6.327991645132724,33.766,1
Arkansas,Greene,5.083179091613767,40.121,1
Arkansas,Hot Spring,4.734720944003185,39.519,1
Arkansas,Jackson,4.092906021306637,44.836,1
Arkansas,Lee,0.992779688949853,38.283,1
Arkansas,Little River,3.2475544906115936,46.324,1
Arkansas,Lonoke,3.851406669430448,49.237,1
Arkansas,Madison,5.612486080160912,36.716,1
Arkansas,Marion,4.743137621591271,43.262,1
Arkansas,Mississippi,2.3686822787585755,39.381,1
Arkansas,Montgomery,4.910660172862029,31.172,1
Arkansas,Newton,5.059440497162695,44.172,1
Arkansas,Ouachita,1.9546325064559111,29.658,1
Arkansas,Perry,4.259073359588085,46.284,1
Arkansas,Phillips,2.443419126900453,30.032,1
Arkansas,Pike,5.885452762266253,42.99,1
Arkansas,Polk,5.262942579327788,34.755,1
Arkansas,Pope,4.610755616763152,42.109,1
Arkansas,Pulaski,2.9752954737212773,31.297,1
Arkansas,Randolph,4.136113878573573,25.318,1
Arkansas,Saline,4.182721612700539,41.559,1
Arkansas,Sebastian,3.3889855956757318,29.908,1
Arkansas,St. Francis,1.175448590672079,45.9,1
Arkansas,Union,2.9966341975225252,31.456,1
Arkansas,Van Buren,4.967114073808072,29.546,1
Arkansas,Washington,1.1191750341110793,112.207,1
Arkansas,White,5.010884704045921,35.811,1
Arkansas,Woodruff,2.986984754242633,35.812,1
California,Alameda,5.502835888732197,126.995,1
California,Amador,3.103418385226018,67.768,1
California,Butte,0.7665928434733705,78.774,1
California,Calaveras,3.284306116467627,94.24,1
California,Contra Costa,4.6925086399502085,100.64,1
California,Fresno,1.9752913598464792,33.535,1
California,Glenn,3.6209268304000717,43.059,1
California,Humboldt,3.169036882055071,24.83,1
California,Inyo,0.24834252316220976,24.696,1
California,Kern,2.0539760922217805,71.025,1
California,Lassen,5.345039236941525,123.055,1
California,Los Angeles,4.599417000392162,74.506,1
California,Madera,2.2979582774493448,46.256,1
California,Marin,5.978128584426795,132.698,1
California,Mendocino,3.472055163036304,84.082,1
California,Merced,2.1109494917260982,49.495,1
California,Modoc,4.9797056493763145,54.602,1
California,Mono,2.6662716927080954,33.158,1
California,Monterey,4.316518584544588,75.691,1
California,Nevada,2.446936860648431,30.614,1
California,Orange,2.0987764481433424,98.804,1
California,Placer,1.661186514525808,71.164,1
California,Plumas,2.7451775898837583,36.865,1
California,Riverside,2.0154078696455633,61.578,1
California,Sacramento,3.1678094753738946,105.322,1
California,San Bernardino,2.182261247179951,82.439,1
California,San Diego,3.1398609540130904,91.662,1
California,San Joaquin,2.5396025644905564,45.384,1
California,San Luis Obispo,2.3031937386405064,81.093,1
California,San Mateo,5.488642082072232,88.415,1
California,Santa Barbara,3.7411040702464966,80.327,1
California,Santa Clara,4.741286443084105,94.368,1
California,Santa Cruz,4.915814952319401,63.761,1
California,Shasta,3.8190353220537605,60.891,1
California,Sierra,2.665229497784772,21.163,1
California,Solano,3.5717601155974767,107.548,1
California,Sonoma,4.61347734536673,32.499,1
California,Stanislaus,0.5889229710655467,46.187,1
California,Tehama,3.9104321782416585,55.519,1
California,Tulare,1.9091500400640316,40.664,1
California,Ventura,3.1299968289762368,57.66,1
California,Yuba,2.7049372607443223,45.763,1
Colorado,Adams,2.3676423031415372,76.902,1
Colorado,Arapahoe,3.0536823154287167,117.162,1
Colorado,Baca,6.148567154124649,47.555,1
Colorado,Bent,4.44626031280567,47.822,1
Colorado,Boulder,5.078198497290255,149.502,1
Colorado,Chaffee,1.6733200530681511,55.052,1
Colorado,Cheyenne,8.475454756727412,47.895,1
Colorado,Clear Creek,2.115108557622118,58.245,1
Colorado,Douglas,1.7110201202815987,90.612,1
Colorado,Eagle,3.6298426378780633,86.272,1
Colorado,El Paso,1.7040851651252644,113.743,1
Colorado,Fremont,3.8889196412570666,60.24,1
Colorado,Garfield,0.9665456669582609,74.969,1
Colorado,Grand,0.7902839593855451,50.812,1
Colorado,Gunnison,3.2429967412529246,66.372,1
Colorado,Jefferson,2.576209440915041,85.644,1
Colorado,Kit Carson,6.179370144651911,43.753,1
Colorado,Larimer,2.2685964702904124,98.874,1
Colorado,Mineral,3.0276503540974917,44.307,1
Colorado,Montezuma,3.1133161468388653,50.063,1
Colorado,Morgan,4.559505555330634,53.923,1
Colorado,Park,2.2962419891481978,49.817,1
Colorado,Pueblo,0.8173933374648145,33.48,1
Colorado,Rio Grande,2.786873995477131,10.946,1
Colorado,Routt,3.5525478471038303,50.507,1
Colorado,Sedgwick,5.84522597225006,40.647,1
Colorado,Summit,3.7276584154610273,89.735,1
Colorado,Weld,2.513244363096715,91.927,1
Colorado,Yuma,6.109487924255945,57.309,1
Connecticut,Fairfield,4.644873550421066,87.608,1
Connecticut,Litchfield,1.0173926082384548,87.676,1
Connecticut,New Haven,8.217586971379367,75.846,1
Connecticut,New London,5.414727796337849,118.213,1
Connecticut,Tolland,2.5103139201409914,119.346,1
Connecticut,Windham,3.997640813713971,62.452,1
Delaware,Kent,1.5556612636474287,68.711,1
Delaware,New Castle,5.018737029327155,87.98,1
Delaware,Sussex,3.1784867119083224,58.812,1
Florida,Alachua,4.482099019238337,39.023,1
Florida,Baker,9.431593447289538,60.142,1
Florida,Brevard,3.7009020387301534,71.12,1
Florida,Broward,7.195623077371566,26.881,1
Florida,Citrus,7.076618827619134,72.92,1
Florida,Clay,5.3580158018928365,82.163,1
Florida,Collier,6.415760966016061,113.84,1
Florida,Dixie,11.200083056170444,36.132,1
Florida,Escambia,3.0491933939844458,28.472,1
Florida,Flagler,5.391326947051161,51.038,1
Florida,Gadsden,7.767453465154029,46.282,1
Florida,Hardee,7.670121852406859,38.331,1
Florida,Hernando,5.761226043974313,44.558,1
Florida,Hillsborough,2.429259458855348,66.412,1
Florida,Indian River,5.23261008802809,173.681,1
Florida,Jackson,7.270529971096059,50.403,1
Florida,Lake,4.6604720790924175,32.382,1
Florida,Lee,5.054722526250327,73.064,1
Florida,Levy,7.429952118397224,42.249,1
Florida,Liberty,10.123052428797871,50.123,1
Florida,Manatee,4.392199078181939,53.404,1
Florida,Miami-Dade,3.727764058164803,61.4,1
Florida,Nassau,6.2968654066982745,41.13,1
Florida,Okaloosa,4.4243145817961,89.321,1
Florida,Orange,4.626146360963294,43.567,1
Florida,Palm Beach,4.503240998123406,94.674,1
Florida,Pasco,4.2991040325043866,37.611,1
Florida,Pinellas,0.45268172015470126,43.415,1
Florida,Polk,3.698712614803179,44.47,1
Florida,Santa Rosa,5.07698373573581,75.337,1
Florida,Sarasota,3.6727728139919154,66.254,1
Florida,St. Johns,5.0785721272948186,103.246,1
Florida,St. Lucie,1.4977084911278085,40.362,1
Florida,Volusia,3.7698319931602544,54.528,1
Florida,Wakulla,6.482895414927952,38.309,1
Florida,Washington,8.5084799329393,34.261,1
Georgia,Appling,11.530153704285318,34.812,1
Georgia,Banks,9.630329342407935,43.231,1
Georgia,Barrow,4.962358310319802,51.433,1
Georgia,Bartow,6.0408736177493845,67.023,1
Georgia,Brooks,5.477225575051661,34.297,1
Georgia,Calhoun,5.32290647422377,45.609,1
Georgia,Carroll,5.286527066142065,50.473,1
Georgia,Cherokee,4.814214638619607,76.422,1
Georgia,Cobb,2.9584922669166707,63.423,1
Georgia,Dade,6.701234368090312,43.128,1
Georgia,DeKalb,7.70543074348959,94.627,1
Georgia,Decatur,4.735024239162303,56.399,1
Georgia,Dodge,8.096516005577426,40.022,1
Georgia,Dougherty,7.128572561361071,41.702,1
Georgia,Emanuel,7.4538987154781,43.133,1
Georgia,Evans,6.6847374133704225,59.343,1
Georgia,Floyd,5.726892464268672,48.404,1
Georgia,Franklin,8.51953779684348,50.011,1
Georgia,Fulton,6.200308791820295,51.837,1
Georgia,Greene,5.721561302325068,30.565,1
Georgia,Gwinnett,3.6646123327680824,98.846,1
Georgia,Habersham,7.507180470768613,52.078,1
Georgia,Hall,5.443954344951538,70.659,1
Georgia,Harris,6.420171699507949,53.882,1
Georgia,Hart,7.7142357989799715,46.956,1
Georgia,Henry,4.408185427750527,52.731,1
Georgia,Jackson,6.416198897030262,76.773,1
Georgia,Jeff Davis,8.740471001801524,46.844,1
Georgia,Jenkins,5.653696641515683,34.212,1
Georgia,Laurens,6.256216420684232,41.749,1
Georgia,Long,3.962986646191826,46.236,1
Georgia,Lowndes,3.1927706271950296,51.144,1
Georgia,Macon,6.990252954195317,27.855,1
Georgia,Mitchell,5.26363774902312,56.576,1
Georgia,Morgan,6.323259172086579,53.822,1
Georgia,Muscogee,4.485959133165713,55.824,1
Georgia,Newton,3.2058973436118907,47.196,1
Georgia,Oconee,4.5297072946474675,84.343,1
Georgia,Peach,2.161480973777007,50.358,1
Georgia,Pierce,11.77856926275645,47.412,1
Georgia,Pike,9.306644742528661,31.458,1
Georgia,Richmond,5.397613753709526,50.226,1
Georgia,Screven,4.958652568401788,37.773,1
Georgia,Sumter,2.3984318309105124,39.047,1
Georgia,Taylor,5.509350340690868,40.631,1
Georgia,Terrell,3.2145502536643185,31.468,1
Georgia,Upson,6.772339576050018,57.297,1
Georgia,Walker,6.507154961535084,41.061,1
Georgia,Washington,1.0660035817780522,70.254,1
Georgia,Wilkinson,4.366293179463819,44.853,1
Hawaii,Hawaii,3.816106857283102,67.079,1
Hawaii,Honolulu,3.832485789043172,123.833,1
Hawaii,Kauai,3.7383635883686566,59.793,1
Hawaii,Maui,3.9509547450453235,65.713,1
Idaho,Ada,1.1164554739980426,65.459,1
Idaho,Bear Lake,7.0904520168972,58.625,1
Idaho,Bingham,4.068123600584135,67.394,1
Idaho,Bonner,3.866071413251772,71.939,1
Idaho,Clark,6.096447052723961,47.891,1
Idaho,Clearwater,5.379946117269122,45.48,1
Idaho,Elmore,3.6020633441397907,36.529,1
Idaho,Franklin,5.659036256998597,56.384,1
Idaho,Latah,0.9414408663704746,55.691,1
Idaho,Lemhi,4.738791022072739,38.494,1
Idaho,Minidoka,5.1467236223585795,32.351,1
Idaho,Nez Perce,3.6037631242379047,51.488,1
Idaho,Power,3.4517076519145875,51.708,1
Idaho,Teton,1.6401397743888062,70.756,1
Idaho,Twin Falls,3.4435096370838947,47.11,1
Idaho,Washington,5.131601439446884,35.964,1
Illinois,Adams,4.808961713264509,47.782,1
Illinois,Bond,3.8007745849875714,38.008,1
Illinois,Boone,2.455745491816613,57.132,1
Illinois,Brown,3.6578176047514495,41.238,1
Illinois,Bureau,3.2512492166745006,58.032,1
Illinois,Calhoun,5.232590180780452,44.452,1
Illinois,Carroll,3.712630567534851,53.555,1
Illinois,Champaign,2.6025007109026417,69.91,1
Illinois,Clay,5.649326828660321,43.105,1
Illinois,Clinton,4.850523470477169,84.618,1
Illinois,Coles,3.4485403113323847,59.163,1
Illinois,Cook,5.605909246353229,63.628,1
Illinois,Crawford,4.969806796228274,53.516,1
Illinois,Cumberland,5.68569281651219,46.326,1
Illinois,DuPage,2.926309629231722,102.13,1
Illinois,Franklin,5.556802028189218,39.404,1
Illinois,Fulton,3.0826652200258566,49.172,1
Illinois,Hamilton,6.239020206276653,46.213,1
Illinois,Hancock,5.323486279952218,50.335,1
Illinois,Hardin,7.513623989430497,37.181,1
Illinois,Henderson,4.011649702221436,55.391,1
Illinois,Iroquois,5.5469216479358865,55.922,1
Illinois,Jefferson,4.727819024378231,64.741,1
Illinois,Johnson,5.860499513305546,41.659,1
Illinois,Kane,2.6011843612196537,73.198,1
Illinois,Kendall,1.5424940926596664,61.54,1
Illinois,Knox,1.6276016776519169,54.284,1
Illinois,LaSalle,2.607782950111764,46.429,1
Illinois,Lake,3.5097326940182993,153.79,1
Illinois,Lawrence,5.44357223084976,41.874,1
Illinois,Livingston,4.651072847470639,58.884,1
Illinois,Logan,4.080942054270615,64.299,1
Illinois,Macon,3.031901882001134,74.378,1
Illinois,Macoupin,3.9900237912915335,55.487,1
Illinois,Madison,2.2202608822526795,66.923,1
Illinois,Marion,5.302569318670935,49.129,1
Illinois,Mason,4.584293624048972,56.618,1
Illinois,Massac,5.838093296045665,42.531,1
Illinois,McHenry,0.9930111205292299,106.896,1
Illinois,Menard,4.039978783536935,53.457,1
Illinois,Mercer,3.146132252170615,56.835,1
Illinois,Monroe,3.911392322305434,63.415,1
Illinois,Montgomery,4.251319553823018,49.837,1
Illinois,Moultrie,5.289900835314177,52.185,1
Illinois,Ogle,3.204853247396735,63.802,1
Illinois,Peoria,1.576483739191328,66.043,1
Illinois,Perry,5.674383679042712,54.016,1
Illinois,Piatt,3.2639369895163184,66.427,1
Illinois,Pike,5.704113669245894,30.571,1
Illinois,Pulaski,4.439292406811105,31.895,1
Illinois,Richland,5.438417866336577,51.968,1
Illinois,Rock Island,2.304467669760582,72.012,1
Illinois,Sangamon,1.3945096991341221,114.086,1
Illinois,Scott,5.29493754791911,54.241,1
Illinois,Shelby,6.438097684596529,45.026,1
Illinois,Stephenson,2.7098376960591293,52.055,1
Illinois,Tazewell,3.208300752310713,52.732,1
Illinois,Union,4.673485146508347,52.689,1
Illinois,Vermilion,4.184708414189036,45.795,1
Illinois,Wabash,5.050175591429817,54.2,1
Illinois,Washington,5.207221093361747,71.437,1
Illinois,Wayne,6.636020246042229,36.457,1
Illinois,White,5.894740662630952,46.211,1
Illinois,Whiteside,1.9549549200674163,68.293,1
Illinois,Williamson,4.1766731183982,44.915,1
Illinois,Winnebago,1.069547220422367,70.159,1
Illinois,Woodford,4.003477152868941,78.579,1
Indiana,Adams,5.094917875030971,101.508,1
Indiana,Allen,2.2268936027817396,44.825,1
Indiana,Bartholomew,3.2611717682311627,70.164,1
Indiana,Benton,4.515280179794031,53.282,1
Indiana,Boone,2.77186638264604,82.701,1
Indiana,Carroll,5.1265076885810945,53.039,1
Indiana,Clark,3.089372723825146,56.077,1
Indiana,Clinton,4.849303870814456,48.139,1
Indiana,Crawford,4.480566001981581,47.364,1
Indiana,DeKalb,4.670558601180251,47.415,1
Indiana,Elkhart,3.995406697049482,49.042,1
Indiana,Floyd,2.570880706961645,85.155,1
Indiana,Franklin,6.627111335352891,58.682,1
Indiana,Gibson,4.927511931165231,48.294,1
Indiana,Grant,4.185387781539909,42.028,1
Indiana,Harrison,5.302438463437043,43.586,1
Indiana,Hendricks,3.1779072999461415,98.925,1
Indiana,Henry,4.630598009247895,39.501,1
Indiana,Jackson,5.187558303754826,39.698,1
Indiana,Jay,5.048614240276874,39.091,1
Indiana,Johnson,3.9905932687007377,58.136,1
Indiana,Knox,5.124066291854722,63.607,1
Indiana,Kosciusko,4.430194507764121,51.342,1
Indiana,LaPorte,1.920420924934328,92.138,1
Indiana,Lake,3.155138789612873,69.32,1
Indiana,Madison,3.330469990936911,162.624,1
Indiana,Marion,3.847947464191025,69.027,1
Indiana,Miami,4.956681359119894,40.143,1
Indiana,Monroe,3.8202001845936233,65.041,1
Indiana,Montgomery,5.089987766205603,57.055,1
Indiana,Morgan,4.773265618539054,44.261,1
Indiana,Noble,5.335043258228014,47.695,1
Indiana,Parke,5.950553832131166,42.532,1
Indiana,Porter,1.7315572754866062,139.986,1
Indiana,Posey,4.963335893967588,50.263,1
Indiana,Putnam,4.72628835436213,77.737,1
Indiana,Rush,5.471477217083421,50.789,1
Indiana,Shelby,4.88492579268099,60.141,1
Indiana,Spencer,4.563345330239108,52.7,1
Indiana,St. Joseph,1.7580981459830651,78.132,1
Indiana,Steuben,4.600162027932257,48.504,1
Indiana,Switzerland,6.16868151057804,14.657,1
Indiana,Tipton,4.9860269871190095,52.232,1
Indiana,Vigo,2.633477773512682,48.356,1
Indiana,Warren,5.002061430720442,47.278,1
Indiana,Warrick,4.026421359658877,51.838,1
Indiana,Washington,5.124993674725375,36.973,1
Indiana,Wayne,3.698455275999891,47.354,1
Indiana,White,5.274927369837631,60.923,1
Indiana,Whitley,4.330880019018125,42.963,1
Iowa,Adair,5.26553002570614,63.22,1
Iowa,Adams,4.847679857416329,63.647,1
Iowa,Appanoose,4.816086613162883,43.796,1
Iowa,Benton,3.701442998630243,70.506,1
Iowa,Boone,2.644645920871757,55.39,1
Iowa,Buchanan,3.4882040604826385,63.804,1
Iowa,Butler,4.860165853261813,54.214,1
Iowa,Calhoun,4.73435755030621,34.329,1
Iowa,Carroll,5.453719423985392,59.087,1
Iowa,Cass,5.110108369415448,43.003,1
Iowa,Cerro Gordo,1.894969416879621,56.552,1
Iowa,Cherokee,5.423448451257583,48.14,1
Iowa,Clarke,5.2883519802171515,44.811,1
Iowa,Clay,4.5211919302976105,46.965,1
Iowa,Clayton,4.323099488698958,56.183,1
Iowa,Clinton,2.2269135521774515,69.097,1
Iowa,Crawford,5.738031021177909,49.675,1
Iowa,Dallas,0.979018645711367,68.583,1
Iowa,Delaware,4.4152513455571745,56.667,1
Iowa,Dubuque,1.2148371841058603,62.414,1
Iowa,Fayette,3.348670218610622,51.077,1
Iowa,Franklin,4.680004169270605,50.078,1
Iowa,Greene,4.729612116149776,48.632,1
Iowa,Grundy,4.394548524887244,61.58,1
Iowa,Hardin,4.1990358227205915,58.296,1
Iowa,Harrison,4.629417549683229,21.702,1
Iowa,Henry,4.019950248448356,38.692,1
Iowa,Humboldt,6.001262493438486,57.404,1
Iowa,Ida,6.144102863722254,59.468,1
Iowa,Iowa,3.638208232053925,80.243,1
Iowa,Jackson,4.1876180076880525,52.767,1
Iowa,Jasper,3.460521147395324,76.12,1
Iowa,Jefferson,0.7933735717589049,56.939,1
Iowa,Johnson,4.552721463835969,61.088,1
Iowa,Keokuk,5.089417836358445,40.687,1
Iowa,Linn,2.3319280003374385,97.904,1
Iowa,Louisa,4.090947207750764,54.8,1
Iowa,Lyon,7.220445378276478,54.713,1
Iowa,Madison,4.293214878045477,36.803,1
Iowa,Mahaska,5.036486591176293,52.65,1
Iowa,Marion,4.072551749132307,53.371,1
Iowa,Marshall,1.8937049009621378,50.247,1
Iowa,Mitchell,4.201449025401055,40.642,1
Iowa,Monona,5.021869978622682,51.276,1
Iowa,Muscatine,1.745943678281488,82.957,1
Iowa,O'Brien,5.9557597651488,58.156,1
Iowa,Osceola,7.513950988625056,53.753,1
Iowa,Palo Alto,5.179390597022176,39.399,1
Iowa,Pocahontas,5.438577479451773,42.422,1
Iowa,Pottawattamie,2.8846215028579647,64.656,1
Iowa,Poweshiek,2.762746525033001,71.185,1
Iowa,Ringgold,5.833268982914042,44.099,1
Iowa,Scott,1.276576766671723,58.034,1
Iowa,Shelby,4.438225064890097,48.869,1
Iowa,Sioux,5.997395267947578,74.319,1
Iowa,Story,2.4085370161384265,60.171,1
Iowa,Tama,3.2052783847599766,60.913,1
Iowa,Union,4.134790348744441,42.428,1
Iowa,Warren,2.7613733930972497,120.279,1
Iowa,Washington,3.216107529216798,41.586,1
Iowa,Webster,3.994922977241982,52.144,1
Iowa,Winneshiek,1.7073647353810026,50.591,1
Iowa,Woodbury,2.7616839152448898,42.507,1
Iowa,Worth,3.6871721000297906,58.951,1
Kansas,Allen,4.503470883662955,43.538,1
Kansas,Anderson,5.102650001424459,34.857,1
Kansas,Atchison,3.821603218910971,38.31,1
Kansas,Barton,5.874858847704081,35.428,1
Kansas,Bourbon,5.022173057773121,39.362,1
Kansas,Brown,4.556830683968074,51.33,1
Kansas,Butler,4.372120780060875,59.454,1
Kansas,Chautauqua,6.884765791223402,34.477,1
Kansas,Clay,4.2906684870278395,17.668,1
Kansas,Cowley,4.205700829004275,47.779,1
Kansas,Dickinson,5.575567820566721,53.641,1
Kansas,Doniphan,6.95119766199827,58.106,1
Kansas,Ford,4.197751542483471,66.739,1
Kansas,Franklin,3.9726413372756006,48.299,1
Kansas,Geary,2.1607734678864845,44.638,1
Kansas,Hamilton,5.380275868489703,55.744,1
Kansas,Harper,6.101001739241042,51.2,1
Kansas,Harvey,3.0271253258528326,60.626,1
Kansas,Jefferson,3.308596154056626,63.083,1
Kansas,Jewell,6.4309519401985,41.351,1
Kansas,Johnson,1.736301543426469,180.602,1
Kansas,Lincoln,5.699462340233676,44.595,1
Kansas,Linn,5.547071299343465,52.793,1
Kansas,Marion,4.752804149848982,44.646,1
Kansas,Marshall,4.456529562081342,47.318,1
Kansas,McPherson,4.120155809017119,53.115,1
Kansas,Montgomery,5.02702619511896,47.717,1
Kansas,Nemaha,6.300708272185183,50.036,1
Kansas,Neosho,5.3547079468689684,37.487,1
Kansas,Osborne,6.219040970136416,39.522,1
Kansas,Phillips,6.708203932499369,53.113,1
Kansas,Pottawatomie,4.388672938460065,61.708,1
Kansas,Reno,3.667080857356228,41.802,1
Kansas,Republic,5.861138215097012,41.911,1
Kansas,Rice,4.982190504408901,56.867,1
Kansas,Riley,1.0167291633630504,52.725,1
Kansas,Rooks,7.487131817801985,53.879,1
Kansas,Saline,3.5578063622281513,54.134,1
Kansas,Scott,6.441102768784921,66.946,1
Kansas,Sedgwick,2.298505296866717,70.743,1
Kansas,Shawnee,0.9825810223413972,46.613,1
Kansas,Sherman,5.314711078332842,47.115,1
Kansas,Stafford,6.415706533389806,51.871,1
Kansas,Thomas,6.134848297746541,56.476,1
Kansas,Washington,6.510481060287606,43.071,1
Kentucky,Adair,7.6707235643060425,39.609,1
Kentucky,Ballard,7.584373887983587,48.594,1
Kentucky,Barren,5.8020953933957,40.593,1
Kentucky,Bath,5.956953425841691,38.123,1
Kentucky,Boone,4.317215262499562,75.313,1
Kentucky,Boyle,3.406449192912776,41.039,1
Kentucky,Bracken,7.3569694847810805,35.336,1
Kentucky,Breathitt,5.585696017507576,37.451,1
Kentucky,Campbell,2.9852868166544404,47.986,1
Kentucky,Carlisle,10.295630140987,30.693,1
Kentucky,Carroll,5.2771663654356065,42.401,1
Kentucky,Crittenden,6.733003292241386,61.631,1
Kentucky,Floyd,6.1806887352469975,45.246,1
Kentucky,Fulton,5.5884496267542065,52.294,1
Kentucky,Graves,6.174664542583567,41.606,1
Kentucky,Hardin,3.4114361822254313,50.29,1
Kentucky,Harlan,8.460066623421312,30.021,1
Kentucky,Hart,6.158171556807826,52.509,1
Kentucky,Henderson,3.9397133732563128,45.485,1
Kentucky,Hopkins,5.714183995478026,28.109,1
Kentucky,Jefferson,3.192450110012376,150.119,1
Kentucky,Jessamine,3.717975085421966,47.752,1
Kentucky,Kenton,2.969814771586031,57.867,1
Kentucky,Knott,7.4922181851126926,40.325,1
Kentucky,Knox,7.780142173822916,39.632,1
Kentucky,Letcher,7.023984882982283,51.944,1
Kentucky,Lewis,7.500450436924222,19.575,1
Kentucky,Livingston,7.472373360342993,70.695,1
Kentucky,Logan,5.621670090211147,41.098,1
Kentucky,Marion,6.038407537703781,42.026,1
Kentucky,Meade,4.705158181561329,77.79,1
Kentucky,Muhlenberg,6.001726867210889,36.823,1
Kentucky,Nelson,4.82998624462717,29.773,1
Kentucky,Ohio,6.572883477043938,35.954,1
Kentucky,Pike,7.932881711263439,41.545,1
Kentucky,Robertson,8.37323779138698,13.882,1
Kentucky,Rockcastle,8.63490844396259,32.063,1
Kentucky,Scott,3.3672811995978824,44.479,1
Kentucky,Taylor,6.002340367526691,38.337,1
Kentucky,Todd,5.455310868013542,38.41,1
Kentucky,Warren,2.869393969231679,47.429,1
Kentucky,Washington,5.354126134736337,57.241,1
Maine,Cumberland,4.2149288250218415,75.81,1
Maine,Hancock,1.8439088914585775,50.33,1
Maine,Oxford,3.235388992916288,39.91,1
Maine,Penobscot,2.7621784210346787,63.94,1
Maryland,Allegany,4.4322557600253685,58.077,1
Maryland,Anne Arundel,2.2394794096622377,134.719,1
Maryland,Baltimore,3.2972288147468354,75.318,1
Maryland,Calvert,1.5297446665044783,119.254,1
Maryland,Caroline,3.531452087478159,24.12,1
Maryland,Dorchester,2.314463560532701,63.199,1
Maryland,Frederick,1.8128112534614225,96.43,1
Maryland,Garrett,5.156395507924731,33.602,1
Maryland,Harford,2.0703210552495626,114.708,1
Maryland,Howard,3.9330870199366745,59.387,1
Maryland,Montgomery,4.957719631111075,106.032,1
Maryland,Prince George's,6.323058447567478,98.245,1
Maryland,Talbot,0.4605060407077592,73.311,1
Maryland,Washington,3.0634153435624847,84.245,1
Maryland,Wicomico,0.8548134741179866,57.878,1
Maryland,Worcester,3.276267475562484,74.971,1
Massachusetts,Barnstable,3.179622619116929,67.34,1
Massachusetts,Essex,3.597136908625239,108.593,1
Massachusetts,Hampden,1.4142135623730951,79.549,1
Massachusetts,Nantucket,4.693944245810921,92.78,1
Massachusetts,Norfolk,2.891479852550406,110.589,1
Massachusetts,Plymouth,2.5807229062714674,136.869,1
Massachusetts,Worcester,4.117552214599169,51.218,1
Michigan,Alcona,6.047112332970801,58.212,1
Michigan,Alpena,4.069189586014124,41.78,1
Michigan,Antrim,3.964573410046969,41.51,1
Michigan,Barry,4.280949732506199,52.982,1
Michigan,Bay,2.669006464139414,19.841,1
Michigan,Benzie,2.488648260752382,49.551,1
Michigan,Berrien,2.059268261800433,50.856,1
Michigan,Branch,5.025494110464472,43.419,1
Michigan,Charlevoix,3.6319291142461867,49.301,1
Michigan,Eaton,0.636938817242731,59.075,1
Michigan,Emmet,2.551057572231976,46.688,1
Michigan,Houghton,2.654350468100756,45.762,1
Michigan,Huron,5.789917801501861,48.594,1
Michigan,Iosco,4.357408976331346,46.67,1
Michigan,Kalamazoo,3.0409143475025426,74.723,1
Michigan,Kalkaska,4.793129798393603,49.809,1
Michigan,Kent,1.7319727010635697,62.174,1
Michigan,Livingston,3.796978088759045,66.367,1
Michigan,Luce,5.033885179461287,42.108,1
Michigan,Macomb,2.48925653053941,49.388,1
Michigan,Marquette,2.424383866222857,43.7,1
Michigan,Mason,3.7279966716285395,38.291,1
Michigan,Menominee,4.673845053722566,47.858,1
Michigan,Monroe,3.672792579429254,53.005,1
Michigan,Montmorency,6.510248331157063,35.817,1
Michigan,Muskegon,0.5529515310435926,52.599,1
Michigan,Oakland,3.2515257740428645,61.986,1
Michigan,Ogemaw,5.1665014690956585,35.986,1
Michigan,Ontonagon,4.19306787231237,39.196,1
Michigan,Osceola,5.527761729002103,30.592,1
Michigan,Otsego,4.629231819000054,45.478,1
Michigan,Presque Isle,5.1685864328930125,46.864,1
Michigan,Roscommon,4.974661068580728,46.692,1
Michigan,Saginaw,0.4530833839874604,48.489,1
Michigan,Shiawassee,3.273687976431622,17.499,1
Michigan,St. Clair,4.283951767242872,63.927,1
Michigan,St. Joseph,4.025739851609098,63.124,1
Michigan,Tuscola,5.154716376041575,53.011,1
Michigan,Van Buren,2.669269563007828,42.101,1
Michigan,Washtenaw,5.760054760600522,84.671,1
Michigan,Wayne,5.563509102900855,117.975,1
Michigan,Wexford,4.390198874065519,45.863,1
Minnesota,Aitkin,4.070472945494172,107.326,1
Minnesota,Big Stone,3.7370465934182984,41.634,1
Minnesota,Blue Earth,1.270886114154811,55.2,1
Minnesota,Brown,3.813453060209899,75.507,1
Minnesota,Carver,1.4318042363941192,122.239,1
Minnesota,Cass,4.017545616775822,14.389,1
Minnesota,Clay,1.2514592197847547,65.764,1
Minnesota,Cottonwood,4.645786621588784,43.514,1
Minnesota,Crow Wing,3.9369215754913625,45.791,1
Minnesota,Dakota,2.3764555505219445,98.564,1
Minnesota,Douglas,3.9907020449095145,51.096,1
Minnesota,Goodhue,2.336147158797545,59.012,1
Minnesota,Hennepin,4.336146247291769,74.943,1
Minnesota,Houston,2.419453438426014,51.47,1
Minnesota,Hubbard,3.524946690296921,57.956,1
Minnesota,Itasca,2.882331663930354,44.096,1
Minnesota,Kandiyohi,3.498396133973979,50.763,1
Minnesota,Kittson,2.491364395612199,35.481,1
Minnesota,Koochiching,3.3393884397468874,47.63,1
Minnesota,Lac qui Parle,4.04894299712152,50.159,1
Minnesota,Lake,1.2521586299538494,48.873,1
Minnesota,Lake of the Woods,5.594911107696913,42.499,1
Minnesota,Le Sueur,3.7087352266146034,55.56,1
Minnesota,Lincoln,4.557623264878461,47.83,1
Minnesota,Mahnomen,0.7745966692414834,20.146,1
Minnesota,McLeod,3.765852883488003,54.776,1
Minnesota,Meeker,4.257395041719071,38.057,1
Minnesota,Morrison,5.3154542660109545,46.419,1
Minnesota,Mower,1.6354156422880333,55.477,1
Minnesota,Murray,4.77343841331532,41.807,1
Minnesota,Nicollet,1.1159573579408257,69.047,1
Minnesota,Nobles,3.8280342414673036,58.69,1
Minnesota,Olmsted,2.1095130749205304,115.769,1
Minnesota,Otter Tail,4.298169257993316,45.184,1
Minnesota,Pennington,3.3310726797444863,47.78,1
Minnesota,Pine,3.8519376050091254,45.615,1
Minnesota,Pipestone,5.266947953107259,34.814,1
Minnesota,Polk,3.906669805027965,43.106,1
Minnesota,Redwood,4.64975839851459,47.319,1
Minnesota,Renville,4.243354876281338,48.933,1
Minnesota,Sherburne,3.701809858220043,74.06,1
Minnesota,Sibley,4.489754418322021,56.329,1
Minnesota,St. Louis,2.5787938917143145,46.192,1
Minnesota,Stearns,3.0910081684210846,65.643,1
Minnesota,Stevens,3.070597894314954,54.816,1
Minnesota,Swift,4.058708942455703,50.516,1
Minnesota,Todd,5.446571179621074,42.755,1
Minnesota,Wabasha,3.5520118695139353,70.597,1
Minnesota,Washington,1.9982491688303385,117.527,1
Minnesota,Watonwan,3.17081283806756,56.385,1
Minnesota,Winona,0.41583658479366004,63.747,1
Minnesota,Wright,3.4114024728018326,85.518,1
Minnesota,Yellow Medicine,4.393391263301373,68.878,1
Mississippi,Adams,3.900298548460526,56.055,1
Mississippi,Attala,3.8219292061919274,59.13,1
Mississippi,Benton,4.552024849729858,47.316,1
Mississippi,Bolivar,4.849398588141283,24.781,1
Mississippi,Calhoun,6.328042165398301,41.786,1
Mississippi,Choctaw,6.823789457779494,56.79,1
Mississippi,George,7.992007285477649,49.57,1
Mississippi,Greene,8.267837858663102,50.107,1
Mississippi,Harrison,3.8105317334008326,52.423,1
Mississippi,Holmes,5.74731637980895,19.261,1
Mississippi,Jackson,4.4556812596877755,44.717,1
Mississippi,Lauderdale,3.8431642567583264,74.709,1
Mississippi,Lawrence,5.303300858899107,36.441,1
Mississippi,Lowndes,1.3573419837984502,63.943,1
Mississippi,Monroe,4.822734901466652,54.258,1
Mississippi,Montgomery,4.460941604639093,38.528,1
Mississippi,Oktibbeha,1.5950562128653625,120.211,1
Mississippi,Perry,7.231873892705818,43.639,1
Mississippi,Quitman,4.605165270629418,23.649,1
Mississippi,Rankin,5.9246824381926375,44.278,1
Mississippi,Simpson,4.930599437270362,58.419,1
Mississippi,Smith,7.735200923914862,47.563,1
Mississippi,Sunflower,6.217732237299808,47.778,1
Mississippi,Tishomingo,6.659458468732589,30.114,1
Mississippi,Tunica,5.294704742012037,40.968,1
Mississippi,Washington,5.696134298447144,25.742,1
Mississippi,Wayne,4.4580347771270326,47.161,1
Mississippi,Yazoo,2.424068108508972,28.333,1
Missouri,Adair,3.5623223948809604,40.083,1
Missouri,Audrain,4.780642786754251,38.37,1
Missouri,Benton,5.630797665778906,35.166,1
Missouri,Boone,2.155281891666792,68.951,1
Missouri,Buchanan,3.579020583302662,57.282,1
Missouri,Caldwell,6.865372046242894,35.414,1
Missouri,Camden,6.524890309299237,79.159,1
Missouri,Carroll,8.54400374531753,42.059,1
Missouri,Cass,3.956733211238538,62.897,1
Missouri,Christian,5.49445959985295,64.958,1
Missouri,Clark,6.73187803054852,46.961,1
Missouri,Clay,1.424791634326946,53.369,1
Missouri,Clinton,5.040252481544968,56.917,1
Missouri,Crawford,6.998412518405711,23.27,1
Missouri,Dade,7.502380574571933,49.572,1
Missouri,Daviess,6.115294383496628,44.653,1
Missouri,DeKalb,5.839016839079917,46.216,1
Missouri,Dunklin,8.40563869701535,42.465,1
Missouri,Franklin,4.71182801589975,62.497,1
Missouri,Gasconade,6.797793759742936,44.367,1
Missouri,Greene,3.0344040592581005,66.96,1
Missouri,Henry,6.171264622608037,35.033,1
Missouri,Jackson,3.3112314422844737,88.196,1
Missouri,Jasper,4.742582948484488,64.048,1
Missouri,Johnson,3.591867919553161,51.052,1
Missouri,Lafayette,5.016424636036334,41.073,1
Missouri,Lawrence,6.504570236554,23.573,1
Missouri,Lewis,5.973320312485808,48.598,1
Missouri,Linn,5.9237580209617855,56.281,1
Missouri,Maries,6.881413092806314,72.297,1
Missouri,Marion,5.390789001677404,44.807,1
Missouri,McDonald,6.359477417220241,47.658,1
Missouri,Mercer,9.079509898667439,40.928,1
Missouri,Miller,6.959919266088953,21.899,1
Missouri,Moniteau,6.49981684723647,46.965,1
Missouri,Morgan,6.7530219742811415,26.284,1
Missouri,New Madrid,8.20088687000043,45.309,1
Missouri,Newton,5.9082927239775085,57.759,1
Missouri,Nodaway,4.788080438517537,37.711,1
Missouri,Osage,8.36504787637381,48.729,1
Missouri,Ozark,8.306623862918075,58.056,1
Missouri,Pike,6.004346251928138,48.866,1
Missouri,Platte,1.2167205343064882,62.894,1
Missouri,Polk,5.220080470795498,30.529,1
Missouri,Pulaski,4.3701888660145665,57.768,1
Missouri,Ralls,7.232667240364101,64.015,1
Missouri,Ray,5.181822271294342,56.824,1
Missouri,Reynolds,7.824463062870334,42.308,1
Missouri,Saline,4.65059660479038,43.01,1
Missouri,Schuyler,7.167635593415725,37.727,1
Missouri,Scott,7.1304024847065,47.044,1
Missouri,Shannon,8.38195340342231,33.378,1
Missouri,Shelby,6.028667148400789,31.954,1
Missouri,St. Charles,3.0793555257358545,84.056,1
Missouri,St. Francois,5.495003845728772,37.895,1
Missouri,St. Louis,3.823206147830259,99.296,1
Missouri,Ste. Genevieve,5.270687037187052,53.859,1
Missouri,Stoddard,8.86438016853732,46.179,1
Missouri,Stone,7.987985328261424,60.846,1
Missouri,Sullivan,8.873378280297937,37.503,1
Missouri,Taney,5.864880680527558,37.977,1
Missouri,Vernon,6.430733294785394,40.621,1
Missouri,Warren,4.691803580003465,107.189,1
Missouri,Washington,7.067106904526066,34.105,1
Missouri,Worth,6.643292356454993,41.072,1
Missouri,Wright,7.298130710285119,24.755,1
Montana,Beaverhead,4.219916149367462,31.722,1
Montana,Blaine,1.426148065624585,36.812,1
Montana,Carbon,3.1073558498116194,45.287,1
Montana,Cascade,2.656079371961911,78.77,1
Montana,Chouteau,3.1277162108561214,34.063,1
Montana,Dawson,4.888500373062878,56.18,1
Montana,Deer Lodge,1.6215334191346873,49.561,1
Montana,Flathead,3.294248710106887,35.001,1
Montana,Gallatin,1.3902442890481284,103.932,1
Montana,Hill,2.0,118.824,1
Montana,Jefferson,3.508232077228117,119.678,1
Montana,Lake,2.4901869262838585,48.115,1
Montana,Lewis and Clark,1.1179501120860798,56.862,1
Montana,Lincoln,4.931615691974926,35.849,1
Montana,Madison,4.003309888857614,41.334,1
Montana,Missoula,2.7301992106916577,59.02,1
Montana,Musselshell,6.683312551921141,37.578,1
Montana,Powder River,8.246211251235321,67.435,1
Montana,Ravalli,4.053413219764145,25.837,1
Montana,Roosevelt,0.8395939690034018,53.956,1
Montana,Rosebud,3.605551275463989,52.986,1
Montana,Teton,4.473533279187716,71.92,1
Montana,Toole,4.337818191979312,48.926,1
Montana,Valley,4.435413982511856,61.329,1
Montana,Yellowstone,2.9117106778885082,25.041,1
Nebraska,Adams,4.067043775326562,58.527,1
Nebraska,Antelope,8.336666000266533,52.446,1
Nebraska,Box Butte,4.480494384771929,60.237,1
Nebraska,Boyd,9.354143466934854,42.126,1
Nebraska,Buffalo,3.777809505546061,59.507,1
Nebraska,Burt,3.975183433922683,39.867,1
Nebraska,Butler,5.090444122001862,46.201,1
Nebraska,Cherry,6.893419381499342,61.6,1
Nebraska,Cheyenne,5.233439489369194,79.595,1
Nebraska,Clay,4.962078417580906,50.249,1
Nebraska,Colfax,4.978414947010282,48.526,1
Nebraska,Cuming,5.670849723398236,51.544,1
Nebraska,Custer,5.667398255379149,47.672,1
Nebraska,Dakota,2.835633320182744,68.196,1
Nebraska,Dixon,3.9487456986481915,44.405,1
Nebraska,Dodge,3.642566771237945,47.647,1
Nebraska,Douglas,2.106231484258632,63.48,1
Nebraska,Fillmore,4.165833249983329,41.15,1
Nebraska,Furnas,6.640783086353597,43.577,1
Nebraska,Gage,3.7481252522527035,52.956,1
Nebraska,Greeley,7.497618669570073,48.982,1
Nebraska,Hamilton,4.791329098733889,65.233,1
Nebraska,Harlan,6.002251829690839,49.777,1
Nebraska,Hayes,7.582875444051551,54.591,1
Nebraska,Howard,5.269367492046248,47.811,1
Nebraska,Johnson,3.578941677285586,19.874,1
Nebraska,Kearney,4.750139975541146,43.067,1
Nebraska,Keith,6.697375509083944,50.361,1
Nebraska,Madison,4.593717926584896,51.77,1
Nebraska,Merrick,4.722287581247038,46.299,1
Nebraska,Nance,5.472151719794001,62.967,1
Nebraska,Nemaha,4.261059317355732,38.524,1
Nebraska,Pawnee,4.561310727801336,44.54,1
Nebraska,Pierce,6.526867548832288,45.14,1
Nebraska,Platte,5.697208247745717,47.452,1
Nebraska,Saline,3.1767946958966835,90.124,1
Nebraska,Sarpy,1.8924717879231665,68.583,1
Nebraska,Saunders,4.080246927036497,45.844,1
Nebraska,Seward,3.866785424651231,61.942,1
Nebraska,Sherman,5.2888021868310195,48.574,1
Nebraska,Sioux,5.790458683446924,44.571,1
Nebraska,Thayer,5.435426353941594,54.015,1
Nebraska,York,4.371298139303748,63.174,1
Nevada,Churchill,3.679039535773105,47.974,1
Nevada,Clark,2.1468067914551123,55.938,1
Nevada,Douglas,3.2994489898108195,82.365,1
Nevada,Elko,4.267582114048829,91.806,1
Nevada,Esmeralda,5.0076863996183985,43.486,1
Nevada,Lyon,3.823515587173459,91.622,1
Nevada,Mineral,2.675187190838072,45.467,1
Nevada,Washoe,1.2518527763227536,110.894,1
Nevada,White Pine,4.87603331967486,24.166,1
New Hampshire,Carroll,0.4472135954999579,69.188,1
New Hampshire,Grafton,2.207940216581962,56.566,1
New Hampshire,Merrimack,1.8668552474285427,70.852,1
New Hampshire,Strafford,1.103970108290981,58.683,1
New Jersey,Atlantic,2.0661056872062837,78.832,1
New Jersey,Bergen,3.3948303064360803,146.397,1
New Jersey,Burlington,3.2986518509794687,115.281,1
New Jersey,Camden,4.531633925185568,89.152,1
New Jersey,Cape May,3.3243884780509037,103.736,1
New Jersey,Cumberland,2.0741093571520413,60.759,1
New Jersey,Gloucester,0.9927913734659356,86.547,1
New Jersey,Middlesex,3.7222164630082357,98.703,1
New Jersey,Monmouth,1.4098634642102716,78.814,1
New Jersey,Morris,1.4696177554047911,98.54,1
New Jersey,Ocean,4.208185930876727,76.31,1
New Jersey,Salem,2.4305572808827556,68.767,1
New Jersey,Somerset,3.2443477903319673,118.267,1
New Jersey,Sussex,2.81480864750044,88.484,1
New Jersey,Union,4.877060004317589,125.178,1
New Jersey,Warren,2.667327483611746,77.782,1
New Mexico,Bernalillo,3.175436707803968,16.025,1
New Mexico,Catron,5.781370289493869,33.711,1
New Mexico,Chaves,4.779626301941073,48.77,1
New Mexico,Cibola,2.0512557795711492,38.751,1
New Mexico,Colfax,2.2193181687915677,43.037,1
New Mexico,Curry,4.187396054146982,44.555,1
New Mexico,Eddy,5.91362242898193,65.0,1
New Mexico,Grant,1.8845078569784999,27.92,1
New Mexico,Guadalupe,2.8882702891450265,30.3,1
New Mexico,Hidalgo,3.095261727429576,14.059,1
New Mexico,Lea,6.184782432901847,64.511,1
New Mexico,Los Alamos,2.665762681194857,109.294,1
New Mexico,Luna,2.5301215685249496,33.282,1
New Mexico,McKinley,3.9486027167384345,56.271,1
New Mexico,Mora,4.707217302912848,31.026,1
New Mexico,Otero,3.2685143170419133,53.619,1
New Mexico,Quay,4.606233961095314,61.371,1
New Mexico,Rio Arriba,4.9264150472114405,45.092,1
New Mexico,San Juan,3.326082865042735,53.613,1
New Mexico,San Miguel,4.485713056095053,111.312,1
New Mexico,Santa Fe,5.684247752747929,46.094,1
New Mexico,Sierra,3.0419768553369693,32.186,1
New Mexico,Socorro,1.597470678386934,96.96,1
New Mexico,Taos,5.221471834257275,17.546,1
New Mexico,Torrance,3.8360333047500403,27.499,1
New Mexico,Valencia,2.1842090629720476,31.096,1
New York,Albany,3.9957499691425067,91.602,1
New York,Allegany,3.895203188528803,46.554,1
New York,Broome,1.2719840991093783,78.956,1
New York,Chautauqua,3.061910972706567,58.274,1
New York,Chemung,2.4908282462090146,56.251,1
New York,Chenango,3.190672680934656,52.841,1
New York,Clinton,1.8191979596673806,79.608,1
New York,Dutchess,2.4487336107254083,82.188,1
New York,Erie,2.893273864300812,92.603,1
New York,Essex,1.6703981217235224,28.726,1
New York,Fulton,4.26706268537037,62.519,1
New York,Genesee,3.5944945488138544,64.77,1
New York,Greene,2.7473763708449055,70.353,1
New York,Jefferson,3.0092349697843854,54.499,1
New York,Lewis,4.736415133683287,42.318,1
New York,Livingston,2.772846776380372,49.572,1
New York,Madison,2.091758984697031,56.966,1
New York,Monroe,3.0772829079853294,55.308,1
New York,Montgomery,3.4018841153073662,57.101,1
New York,Nassau,2.99830344058675,131.519,1
New York,Niagara,2.2260017765448104,57.984,1
New York,Oneida,2.7947102180013763,48.744,1
New York,Onondaga,3.04048389585438,50.803,1
New York,Ontario,0.09325048082403138,52.816,1
New York,Orange,0.35214536671732166,100.299,1
New York,Oswego,3.0144281148344096,65.725,1
New York,Otsego,1.467879678441952,61.087,1
New York,Putnam,2.3979849885501965,107.54,1
New York,Rensselaer,1.5682948404746246,69.415,1
New York,Rockland,1.3763282702913524,123.435,1
New York,Schenectady,2.6607724714690537,67.812,1
New York,Schoharie,3.229582937417268,53.309,1
New York,Seneca,1.9689368524071875,58.744,1
New York,St. Lawrence,2.512783202423693,85.971,1
New York,Steuben,3.8671942357257674,72.999,1
New York,Suffolk,0.15822474737192901,81.303,1
New York,Sullivan,2.538147093722347,53.197,1
New York,Tioga,2.9052128778789656,73.219,1
New York,Tompkins,4.699082096433261,103.67,1
New York,Ulster,3.3101343246629478,119.931,1
New York,Washington,2.7119406056806437,48.424,1
New York,Wayne,2.86333510264309,47.392,1
New York,Westchester,5.688599311857249,166.618,1
North Carolina,Alamance,2.4445926159283142,89.973,1
North Carolina,Anson,2.3603873774083293,28.179,1
North Carolina,Avery,7.240965332562256,41.915,1
North Carolina,Beaufort,5.269860393922079,30.468,1
North Carolina,Bladen,4.371005726021251,38.588,1
North Carolina,Brunswick,4.712419394719038,49.049,1
North Carolina,Burke,6.204576874658609,40.787,1
North Carolina,Caldwell,6.85863399045712,50.05,1
North Carolina,Camden,5.165529237908959,53.95,1
North Carolina,Carteret,5.5897803712939504,50.7,1
North Carolina,Catawba,5.188015538380821,54.925,1
North Carolina,Chatham,2.99120115422683,34.77,1
North Carolina,Cleveland,5.50887899193182,51.913,1
North Carolina,Columbus,6.630556968632855,50.908,1
North Carolina,Cumberland,3.037266956076862,43.156,1
North Carolina,Dare,3.3434669057313355,35.595,1
North Carolina,Davidson,5.868923435782918,67.355,1
North Carolina,Davie,5.578675615378763,97.561,1
North Carolina,Duplin,5.694366202801933,48.716,1
North Carolina,Forsyth,2.968953757915472,86.762,1
North Carolina,Guilford,4.002921485477722,54.337,1
North Carolina,Harnett,3.5762877152281645,43.967,1
North Carolina,Henderson,3.3713698627965827,38.12,1
North Carolina,Johnston,3.9382759136829613,67.438,1
North Carolina,Lee,3.305184174027587,60.384,1
North Carolina,Lenoir,2.145414584251202,40.726,1
North Carolina,Macon,5.140734608777309,41.421,1
North Carolina,Madison,3.962837573337199,39.216,1
North Carolina,McDowell,6.194475585372645,39.252,1
North Carolina,Montgomery,6.065706289690657,48.937,1
North Carolina,Nash,0.49137428926727283,88.545,1
North Carolina,Northampton,6.38625976025797,30.472,1
North Carolina,Onslow,3.3962682105216757,66.82,1
North Carolina,Pamlico,5.563858529755266,41.171,1
North Carolina,Perquimans,5.2047946780300025,47.876,1
North Carolina,Polk,4.58257569495584,56.556,1
North Carolina,Robeson,4.926532069523571,33.42,1
North Carolina,Rockingham,5.44688944730502,59.932,1
North Carolina,Rowan,5.124625386900803,57.544,1
North Carolina,Sampson,5.171338181671318,43.538,1
North Carolina,Stanly,7.016417436011317,60.411,1
North Carolina,Stokes,7.376827395132843,57.843,1
North Carolina,Surry,7.046210081820609,31.455,1
North Carolina,Transylvania,3.13876597596123,34.685,1
North Carolina,Union,4.077569819175645,59.191,1
North Carolina,Wake,3.6867128544462617,106.139,1
North Carolina,Wilkes,7.437711961930909,30.37,1
North Carolina,Wilson,1.712454378954371,56.454,1
North Carolina,Yadkin,7.322044441394911,48.669,1
North Dakota,Adams,4.909175083453431,74.533,1
North Dakota,Barnes,3.1425636373332626,63.411,1
North Dakota,Benson,2.4585451886114367,44.501,1
North Dakota,Bottineau,4.835976288885902,51.612,1
North Dakota,Burke,5.975645013999186,68.296,1
North Dakota,Cass,0.8596702746448251,136.797,1
North Dakota,Cavalier,4.669958312265525,162.984,1
North Dakota,Emmons,6.644325309881314,48.668,1
North Dakota,Grand Forks,1.9296324557605704,56.726,1
North Dakota,Grant,5.687251320823346,52.463,1
North Dakota,Hettinger,5.9833101206606365,58.251,1
North Dakota,LaMoure,4.877215808486763,39.071,1
North Dakota,McHenry,4.898979485566356,63.878,1
North Dakota,McKenzie,5.460873392725939,79.036,1
North Dakota,Mercer,5.235331474909102,68.116,1
North Dakota,Morton,4.075429668651759,57.864,1
North Dakota,Nelson,3.331666249791536,52.532,1
North Dakota,Pembina,4.437805499011739,52.444,1
North Dakota,Ramsey,3.524638552118064,66.376,1
North Dakota,Ransom,2.27986889925763,64.435,1
North Dakota,Renville,4.9852724275079074,68.961,1
North Dakota,Rolette,4.341215710622296,56.818,1
North Dakota,Sargent,2.8284271247461903,56.382,1
North Dakota,Sioux,2.098386476903531,42.318,1
North Dakota,Slope,10.583005244258363,34.98,1
North Dakota,Stutsman,3.8653818013992143,45.792,1
North Dakota,Towner,4.358898943540674,65.779,1
North Dakota,Walsh,3.9751210423818923,13.982,1
North Dakota,Ward,3.5990294912456573,56.217,1
North Dakota,Wells,6.099600659479947,45.311,1
North Dakota,Williams,4.739703443507238,91.57,1
Ohio,Adams,8.051306068692503,40.015,1
Ohio,Allen,5.059297503415882,71.663,1
Ohio,Ashland,5.30595635738938,58.143,1
Ohio,Ashtabula,3.6979724174201194,38.836,1
Ohio,Athens,3.03315017762062,48.376,1
Ohio,Auglaize,7.0163137427416515,75.358,1
Ohio,Belmont,6.081076153074156,47.177,1
Ohio,Butler,4.04852520912992,51.847,1
Ohio,Carroll,5.890199015690764,51.728,1
Ohio,Clermont,4.718593700738734,57.334,1
Ohio,Clinton,5.617172916952741,41.275,1
Ohio,Columbiana,5.372210453927724,59.636,1
Ohio,Coshocton,5.326697140080833,51.157,1
Ohio,Crawford,5.6122193460362855,44.758,1
Ohio,Cuyahoga,5.605067086301698,168.822,1
Ohio,Darke,6.579568892947516,59.093,1
Ohio,Delaware,2.08716087676967,84.971,1
Ohio,Fayette,6.294596986266253,41.456,1
Ohio,Franklin,4.405707539665865,85.162,1
Ohio,Gallia,6.8320442964234855,60.223,1
Ohio,Geauga,4.372263862701019,54.572,1
Ohio,Hamilton,3.1764776607201495,50.946,1
Ohio,Hancock,4.546633369868303,74.321,1
Ohio,Hardin,5.402055478225905,41.462,1
Ohio,Henry,5.36430654916022,53.772,1
Ohio,Highland,7.726154757489875,45.926,1
Ohio,Hocking,5.31927494968423,42.721,1
Ohio,Holmes,7.487569316374702,60.236,1
Ohio,Huron,4.855165453303046,61.64,1
Ohio,Jefferson,4.982527611097487,61.463,1
Ohio,Knox,5.414778797357011,42.078,1
Ohio,Lake,3.2165124346538834,56.114,1
Ohio,Lawrence,6.213326137162525,43.377,1
Ohio,Licking,4.015433358666475,74.727,1
Ohio,Logan,6.081820342787875,53.617,1
Ohio,Lorain,1.3086040059714186,74.245,1
Ohio,Lucas,3.1234390128564895,76.324,1
Ohio,Madison,5.026946024715575,75.268,1
Ohio,Marion,4.521600039825735,42.186,1
Ohio,Meigs,6.381792281739725,33.842,1
Ohio,Miami,5.235193355259284,46.091,1
Ohio,Monroe,6.944422222186667,41.405,1
Ohio,Montgomery,1.1697340466786268,35.399,1
Ohio,Muskingum,5.0351238405141725,46.931,1
Ohio,Perry,6.127063659772851,63.439,1
Ohio,Pike,6.457820706388655,36.734,1
Ohio,Portage,2.90851499213249,134.337,1
Ohio,Preble,6.5280660427498285,55.421,1
Ohio,Putnam,6.487862258702638,56.545,1
Ohio,Ross,5.0260099345374325,50.26,1
Ohio,Sandusky,3.7763962166170706,79.423,1
Ohio,Scioto,6.147398050663068,39.605,1
Ohio,Seneca,4.388352985050015,48.557,1
Ohio,Stark,3.4968962710136724,51.5,1
Ohio,Summit,2.599238791660456,112.092,1
Ohio,Tuscarawas,5.12844013356818,46.647,1
Ohio,Union,4.071796600894391,45.243,1
Ohio,Washington,5.211533666789764,37.783,1
Ohio,Wayne,4.823145392944472,61.528,1
Ohio,Williams,4.910972109351012,44.482,1
Ohio,Wood,2.05006830351081,52.964,1
Ohio,Wyandot,5.420284787673723,50.341,1
Oklahoma,Adair,5.555866004397832,44.941,1
Oklahoma,Alfalfa,5.794559782841409,50.979,1
Oklahoma,Beckham,6.557438524302,67.14,1
Oklahoma,Blaine,5.638457926792377,60.658,1
Oklahoma,Bryan,5.403163402792993,30.618,1
Oklahoma,Caddo,4.96750806377165,41.41,1
Oklahoma,Carter,5.744281869263415,59.952,1
Oklahoma,Cherokee,3.3463825038493384,33.524,1
Oklahoma,Choctaw,8.338972450995477,37.802,1
Oklahoma,Cleveland,2.268614037645469,60.793,1
Oklahoma,Coal,5.39459867972162,23.026,1
Oklahoma,Comanche,2.7039863886850606,44.643,1
Oklahoma,Creek,5.134930173472209,42.688,1
Oklahoma,Custer,4.6606194916342965,62.686,1
Oklahoma,Delaware,6.83299457154876,30.159,1
Oklahoma,Garfield,4.71968387675361,46.672,1
Oklahoma,Garvin,6.259294764565787,41.062,1
Oklahoma,Grady,5.861162167782135,46.472,1
Oklahoma,Grant,7.384668803225594,54.361,1
Oklahoma,Harmon,7.958224257542215,58.172,1
Oklahoma,Haskell,7.158381398222942,40.296,1
Oklahoma,Hughes,6.8498638614672425,48.249,1
Oklahoma,Jackson,5.092585417006592,47.243,1
Oklahoma,Latimer,7.314369419163897,49.877,1
Oklahoma,Le Flore,6.376685349063072,35.844,1
Oklahoma,Lincoln,5.945871126979345,52.125,1
Oklahoma,Logan,4.457452696340973,57.027,1
Oklahoma,Major,6.623670875958125,53.225,1
Oklahoma,Marshall,7.206351840516467,33.759,1
Oklahoma,Mayes,5.565336734913079,58.084,1
Oklahoma,McClain,5.71198222573173,72.24,1
Oklahoma,McCurtain,7.842707728592787,38.25,1
Oklahoma,McIntosh,5.601000992787997,31.908,1
Oklahoma,Muskogee,4.012055696160125,59.826,1
Oklahoma,Nowata,6.48074069840786,32.576,1
Oklahoma,Okfuskee,5.073272635892461,20.639,1
Oklahoma,Okmulgee,4.294295311482691,37.988,1
Oklahoma,Osage,4.423104726511316,60.912,1
Oklahoma,Ottawa,5.320183063211919,35.668,1
Oklahoma,Pawnee,5.002563445438851,45.946,1
Oklahoma,Pittsburg,5.749697069710945,52.84,1
Oklahoma,Pottawatomie,4.39894831393331,38.71,1
Oklahoma,Pushmataha,7.802097620045989,35.402,1
Oklahoma,Seminole,4.683748498798798,46.087,1
Oklahoma,Sequoyah,6.1759903774906535,67.984,1
Oklahoma,Tulsa,2.4185668051779365,68.578,1
Oklahoma,Woods,5.055016467763651,66.745,1
Oregon,Baker,4.62527430463993,42.124,1
Oregon,Benton,3.162957159727166,67.727,1
Oregon,Clackamas,1.8737696426731252,92.184,1
Oregon,Columbia,1.6376931443196117,81.25,1
Oregon,Crook,4.560092591652547,40.734,1
Oregon,Curry,2.516784387934827,60.299,1
Oregon,Deschutes,1.686715231916669,69.397,1
Oregon,Douglas,3.572768502891167,43.172,1
Oregon,Grant,4.630617988003293,45.138,1
Oregon,Jackson,1.072417164712616,58.604,1
Oregon,Lake,5.149257372199268,46.752,1
Oregon,Lincoln,2.3643684919009043,46.146,1
Oregon,Linn,2.534694907485874,57.7,1
Oregon,Malheur,3.714985928395863,44.076,1
Oregon,Marion,0.5747944785569059,41.72,1
Oregon,Morrow,3.7091459900029924,47.217,1
Oregon,Multnomah,4.603179960342393,70.002,1
Oregon,Polk,0.7045182180825642,26.07,1
Oregon,Tillamook,0.7844645405527362,37.129,1
Oregon,Umatilla,3.1552657840134892,72.079,1
Oregon,Union,3.9266228933956437,45.708,1
Oregon,Wallowa,3.850324661635691,46.428,1
Oregon,Wasco,0.9369100316102799,50.888,1
Oregon,Washington,3.130489521216569,86.91,1
Pennsylvania,Adams,4.43058475833755,82.544,1
Pennsylvania,Allegheny,3.644989075847576,83.046,1
Pennsylvania,Armstrong,6.699760626532129,53.176,1
Pennsylvania,Beaver,3.6614374354169983,41.059,1
Pennsylvania,Bedford,10.125042395786968,49.891,1
Pennsylvania,Berks,2.406091158878499,89.802,1
Pennsylvania,Blair,6.509505359904689,43.819,1
Pennsylvania,Bradford,5.140141304631513,50.599,1
Pennsylvania,Bucks,2.0431565206783286,98.509,1
Pennsylvania,Butler,5.062268727868678,53.925,1
Pennsylvania,Cambria,5.892649672100214,52.112,1
Pennsylvania,Cameron,6.261541068437078,53.136,1
Pennsylvania,Carbon,4.987744796240576,56.091,1
Pennsylvania,Centre,1.8587554592820654,54.491,1
Pennsylvania,Chester,3.3425364371816566,242.857,1
Pennsylvania,Clarion,6.4631379297315155,45.574,1
Pennsylvania,Clearfield,5.612486080160912,44.522,1
Pennsylvania,Columbia,4.2050053793420705,56.85,1
Pennsylvania,Crawford,5.478101580746995,60.352,1
Pennsylvania,Cumberland,2.6458397016538098,48.647,1
Pennsylvania,Dauphin,2.522032403761832,47.073,1
Pennsylvania,Delaware,4.657909876084444,40.831,1
Pennsylvania,Erie,0.8572972099710032,65.522,1
Pennsylvania,Fayette,6.663941750804824,53.517,1
Pennsylvania,Franklin,5.586000807189446,70.323,1
Pennsylvania,Greene,6.54507363035861,53.028,1
Pennsylvania,Huntingdon,6.373020054525532,48.497,1
Pennsylvania,Indiana,5.704107476657777,41.001,1
Pennsylvania,Lackawanna,2.983364012234023,56.06,1
Pennsylvania,Lancaster,2.8879559428957338,53.858,1
Pennsylvania,Lawrence,5.213792548091162,54.192,1
Pennsylvania,Lebanon,4.367912669441333,62.553,1
Pennsylvania,Lehigh,2.5449785802921587,76.752,1
Pennsylvania,Luzerne,3.8105221426126987,62.274,1
Pennsylvania,Lycoming,5.46174828010904,61.759,1
Pennsylvania,Mercer,4.501493181180557,51.597,1
Pennsylvania,Mifflin,7.259085558395411,49.283,1
Pennsylvania,Montgomery,5.084154888418071,79.304,1
Pennsylvania,Northampton,0.7082565490697873,86.727,1
Pennsylvania,Northumberland,4.988518928591675,50.963,1
Pennsylvania,Perry,5.493494708068759,54.378,1
Pennsylvania,Pike,4.385889287786514,48.973,1
Pennsylvania,Schuylkill,5.291878692818127,52.567,1
Pennsylvania,Snyder,6.06075849397311,44.57,1
Pennsylvania,Somerset,7.3436420129377495,48.393,1
Pennsylvania,Susquehanna,5.388168748243407,55.946,1
Pennsylvania,Tioga,5.342006836109164,57.156,1
Pennsylvania,Union,4.1456748206184555,55.012,1
Pennsylvania,Venango,5.4193158200292455,80.025,1
Pennsylvania,Warren,4.852581831589927,47.093,1
Pennsylvania,Washington,4.539226823223506,46.608,1
Pennsylvania,Westmoreland,4.525784146848433,53.013,1
Pennsylvania,York,4.021842954486398,73.154,1
Rhode Island,Providence,5.863429686822184,129.181,1
South Carolina,Abbeville,5.929788627126026,34.188,1
South Carolina,Aiken,3.8237078683165096,48.706,1
South Carolina,Anderson,5.45204527176063,48.741,1
South Carolina,Beaufort,2.828282459266478,50.792,1
South Carolina,Charleston,2.6300761611590135,78.102,1
South Carolina,Cherokee,6.732597481838567,34.245,1
South Carolina,Chesterfield,5.1109315806046185,34.076,1
South Carolina,Colleton,2.761621990171267,57.538,1
South Carolina,Darlington,2.10153238284933,41.837,1
South Carolina,Dorchester,2.291110830670706,59.196,1
South Carolina,Fairfield,4.622996108937992,26.366,1
South Carolina,Greenville,3.034254542216135,124.57,1
South Carolina,Greenwood,4.116331624943698,35.798,1
South Carolina,Hampton,4.317955169070802,45.365,1
South Carolina,Horry,5.849567607383029,46.694,1
South Carolina,Lancaster,4.286771928884791,41.464,1
South Carolina,Marion,5.1111610170438535,43.688,1
South Carolina,Oconee,5.889265933663555,47.525,1
South Carolina,Orangeburg,6.678274367993723,40.717,1
South Carolina,Pickens,5.4257379028796136,42.158,1
South Carolina,Richland,5.026537267036196,110.475,1
South Carolina,Sumter,3.4338211283626365,33.122,1
South Carolina,Union,4.8339328165397735,29.57,1
South Carolina,York,3.200904299871061,53.488,1
South Dakota,Aurora,4.51848057057532,50.569,1
South Dakota,Beadle,4.033743216585482,78.796,1
South Dakota,Bon Homme,5.800383129108321,58.623,1
South Dakota,Brule,4.0093175062186885,41.412,1
South Dakota,Campbell,8.366600265340756,52.192,1
South Dakota,Charles Mix,5.04608392349582,47.052,1
South Dakota,Corson,1.3363062095621219,43.615,1
South Dakota,Dewey,2.7527763762750106,49.039,1
South Dakota,Douglas,7.377993128805126,13.534,1
South Dakota,Faulk,6.18869937870632,50.715,1
South Dakota,Gregory,6.41287766919033,52.682,1
South Dakota,Hamlin,5.191639914323797,94.107,1
South Dakota,Hughes,3.2185199964800493,66.436,1
South Dakota,Hutchinson,5.980843736738044,53.0,1
South Dakota,Lake,3.606669449246636,52.999,1
South Dakota,Lyman,4.151305015694864,59.815,1
South Dakota,McCook,4.540820148282425,57.993,1
South Dakota,McPherson,5.620728831085217,42.499,1
South Dakota,Meade,3.5946583464149944,48.874,1
South Dakota,Miner,3.8813034059491223,53.238,1
South Dakota,Minnehaha,1.8380478879875914,55.805,1
South Dakota,Pennington,2.7962154753015454,59.363,1
South Dakota,Spink,4.258068522344797,47.118,1
South Dakota,Turner,4.251544454912925,58.645,1
South Dakota,Union,4.1601023560608725,65.526,1
South Dakota,Walworth,5.347133506346543,37.152,1
South Dakota,Yankton,2.9095268575239968,54.965,1
Tennessee,Anderson,4.2120167700660724,60.811,1
Tennessee,Benton,8.105455736626578,41.534,1
Tennessee,Carter,6.30261494501439,41.789,1
Tennessee,Cheatham,5.382752639126748,71.475,1
Tennessee,Chester,4.542726454054177,24.221,1
Tennessee,Crockett,7.468578246021739,43.66,1
Tennessee,Cumberland,6.938747300429431,59.994,1
Tennessee,Davidson,3.196437500381981,62.867,1
Tennessee,DeKalb,7.354448455724745,45.479,1
Tennessee,Fentress,9.173257254031888,39.775,1
Tennessee,Franklin,5.697911211208762,78.94,1
Tennessee,Gibson,5.864033189358809,58.578,1
Tennessee,Giles,7.321427851527594,46.603,1
Tennessee,Hamilton,2.182197697962892,67.697,1
Tennessee,Hardeman,3.5840659111244806,26.503,1
Tennessee,Hardin,6.177124148428461,75.476,1
Tennessee,Henry,5.438820573503895,42.665,1
Tennessee,Jefferson,6.708683243988138,56.431,1
Tennessee,Lawrence,8.014206961859248,40.974,1
Tennessee,Lewis,7.3484692283495345,42.956,1
Tennessee,Macon,8.990073891321948,43.61,1
Tennessee,Marion,6.331139971074193,54.378,1
Tennessee,Monroe,7.216370278748174,51.561,1
Tennessee,Morgan,6.632674152422516,52.837,1
Tennessee,Obion,7.59957374638608,45.863,1
Tennessee,Polk,8.350858764538122,38.1,1
Tennessee,Rhea,6.3103962567679694,38.624,1
Tennessee,Robertson,5.692171641466024,63.496,1
Tennessee,Scott,10.639245668142868,32.358,1
Tennessee,Sevier,4.9303588519814,60.851,1
Tennessee,Shelby,4.353754152926401,117.661,1
Tennessee,Tipton,5.744562646538029,57.345,1
Tennessee,Unicoi,7.32061458140383,41.302,1
Tennessee,Van Buren,7.1673864533335,40.573,1
Tennessee,Warren,5.807969549512622,52.874,1
Tennessee,Washington,4.410473302796801,56.951,1
Tennessee,Weakley,4.808560808941854,40.819,1
Tennessee,Williamson,3.900910117976715,111.205,1
Tennessee,Wilson,3.969122394720231,82.891,1
Texas,Anderson,8.298073553021691,202.91,1
Texas,Archer,8.779521627059188,61.391,1
Texas,Austin,7.379806126283973,120.476,1
Texas,Bastrop,2.7330623171873762,81.606,1
Texas,Bee,4.644505202002531,53.143,1
Texas,Bell,2.099529159225373,98.61,1
Texas,Bosque,7.844849690508204,47.763,1
Texas,Bowie,6.4131225392563325,53.96,1
Texas,Brazoria,3.4844837790121623,55.854,1
Texas,Brown,8.406951246932069,48.538,1
Texas,Caldwell,2.243509156061845,63.442,1
Texas,Cameron,3.7323573242056334,25.995,1
Texas,Camp,7.469939758793239,42.222,1
Texas,Cass,9.122067814488183,42.067,1
Texas,Castro,8.702490065109718,48.714,1
Texas,Chambers,6.650200415244183,83.816,1
Texas,Cherokee,7.435338859755543,40.012,1
Texas,Clay,8.764151118481823,64.309,1
Texas,Collin,1.5450710336585167,95.186,1
Texas,Comal,5.406669401485744,75.132,1
Texas,Coryell,4.0207368025423245,62.806,1
Texas,Dallas,4.27021139607822,70.455,1
Texas,DeWitt,9.433981132056603,63.475,1
Texas,Denton,2.2307918917461698,93.562,1
Texas,Ellis,4.906390446873942,59.457,1
Texas,Falls,6.321780783980235,31.991,1
Texas,Fayette,8.300547124666382,84.62,1
Texas,Fort Bend,2.985750008000222,76.875,1
Texas,Frio,3.434256491157704,73.436,1
Texas,Galveston,3.898862270556386,57.441,1
Texas,Garza,11.460075625114056,56.118,1
Texas,Glasscock,13.808210118138652,75.58,1
Texas,Gonzales,7.1482321046691135,39.574,1
Texas,Gregg,5.053394555820526,60.169,1
Texas,Guadalupe,3.897803063215357,61.947,1
Texas,Hardin,8.20206848256824,83.118,1
Texas,Harris,3.1450715946228436,169.67,1
Texas,Hartley,10.560934302102885,77.979,1
Texas,Haskell,8.414839499926533,48.827,1
Texas,Henderson,8.02852583844899,70.289,1
Texas,Hidalgo,4.178146065091775,37.321,1
Texas,Hill,7.907220619853381,44.245,1
Texas,Hopkins,7.456001208623058,43.397,1
Texas,Houston,8.679477710861024,37.94,1
Texas,Hudspeth,5.215361924162119,36.517,1
Texas,Hunt,6.333472293073422,43.257,1
Texas,Jefferson,1.1687069403442247,46.84,1
Texas,Johnson,6.465342773136715,58.883,1
Texas,Jones,7.539327782676261,51.441,1
Texas,Karnes,7.626939934597456,49.702,1
Texas,Kendall,6.479128373293119,73.992,1
Texas,King,inf,72.402,1
Texas,Knox,9.12040668949681,40.702,1
Texas,Lamb,7.552652063446943,49.634,1
Texas,Lampasas,5.9295668740313126,52.217,1
Texas,Liberty,8.4213436184543,49.157,1
Texas,Limestone,7.014577754595697,49.834,1
Texas,Llano,8.101723954473071,51.569,1
Texas,Lubbock,4.52987967010974,58.705,1
Texas,Lynn,10.897247358851684,40.106,1
Texas,Madison,8.77638877899105,58.02,1
Texas,Mason,7.681145747868608,35.252,1
Texas,Matagorda,6.426297324065959,28.652,1
Texas,Maverick,3.3029947677963745,44.088,1
Texas,McLennan,3.852390049165465,45.789,1
Texas,Milam,7.560864148142503,33.51,1
Texas,Montgomery,5.677429606248867,103.067,1
Texas,Moore,6.156017521428763,42.932,1
Texas,Motley,16.703293088490067,36.579,1
Texas,Nacogdoches,4.664872877264606,24.582,1
Texas,Navarro,6.288156255287323,50.216,1
Texas,Nolan,6.8649096226377315,44.255,1
Texas,Oldham,8.717797887081348,72.707,1
Texas,Parker,6.781776707439466,126.397,1
Texas,Pecos,5.081033498064218,72.152,1
Texas,Polk,7.724322518579912,54.485,1
Texas,Red River,8.72179840639879,35.173,1
Texas,Reeves,4.754499254169122,31.405,1
Texas,Refugio,4.791485503821684,47.659,1
Texas,Runnels,8.068457101577723,44.15,1
Texas,Rusk,7.620575485598664,64.626,1
Texas,Sabine,11.001336817164807,41.984,1
Texas,San Augustine,11.624686375697769,43.086,1
Texas,San Patricio,4.4276592762617435,43.987,1
Texas,San Saba,16.99159456067281,41.756,1
Texas,Shackelford,9.834342159711838,51.581,1
Texas,Sherman,7.535629654230248,61.336,1
Texas,Smith,5.3476935296402806,77.187,1
Texas,Starr,2.377312117334576,13.908,1
Texas,Stonewall,9.989994994993742,45.593,1
Texas,Sutton,8.320502943378436,64.222,1
Texas,Tarrant,0.3692974559204094,70.047,1
Texas,Terry,6.913081633715792,62.368,1
Texas,Travis,4.568708695946644,122.203,1
Texas,Tyler,10.382372117856825,57.619,1
Texas,Upshur,8.021116409684593,69.932,1
Texas,Uvalde,4.702742760739121,49.008,1
Texas,Waller,4.630899446325605,38.217,1
Texas,Ward,6.710913770595152,44.149,1
Texas,Webb,4.842436368737586,30.833,1
Texas,Wheeler,14.110279940525631,53.905,1
Texas,Wichita,4.861584103972696,45.304,1
Texas,Willacy,inf,49.236,1
Texas,Williamson,0.8381455160128458,75.956,1
Texas,Wise,7.860656204566292,53.007,1
Texas,Young,7.9973679880847115,48.432,1
Texas,Zapata,3.714835124201342,32.642,1
Utah,Beaver,6.979135572070035,108.17,1
Utah,Box Elder,4.119849637280129,66.584,1
Utah,Cache,2.720510407591265,56.442,1
Utah,Carbon,3.8915763126505816,52.411,1
Utah,Daggett,5.66421515598881,65.458,1
Utah,Duchesne,6.300982538650694,70.379,1
Utah,Emery,6.501341543132857,70.423,1
Utah,Garfield,5.2345009313209605,55.983,1
Utah,Iron,3.737814692029613,52.513,1
Utah,Millard,6.017650805100044,68.71,1
Utah,Rich,6.1300018822936,60.479,1
Utah,Salt Lake,1.6827273880316609,108.669,1
Utah,San Juan,1.3545414754431302,47.557,1
Utah,Sanpete,4.787826273297771,64.041,1
Utah,Sevier,5.924636831562175,54.373,1
Utah,Summit,2.903865085094766,84.433,1
Utah,Utah,2.7329609934086956,86.849,1
Utah,Wasatch,2.773593583953541,81.443,1
Utah,Washington,4.199224233462168,65.215,1
Vermont,Addison,1.1978241142570356,54.701,1
Vermont,Chittenden,1.8744368523675354,63.664,1
Vermont,Rutland,2.367148037303217,58.607,1
Vermont,Washington,1.0723805294763609,54.118,1
Vermont,Windham,2.943920288775949,44.911,1
Vermont,Windsor,2.894703844062046,45.282,1
Virginia,Accomack,2.7420554196675715,26.654,1
Virginia,Albemarle,3.9519463960473242,45.772,1
Virginia,Amelia,5.690380899606694,34.802,1
Virginia,Bedford,5.121589898723392,80.028,1
Virginia,Botetourt,5.411134246327261,47.912,1
Virginia,Brunswick,5.535433645255414,35.873,1
Virginia,Carroll,8.089911412782385,89.491,1
Virginia,Clarke,2.377673933350268,87.17,1
Virginia,Craig,6.509190826622869,51.979,1
Virginia,Cumberland,3.517811819867572,46.083,1
Virginia,Fairfax,4.489679736523464,190.556,1
Virginia,Fauquier,2.7599224114405314,92.848,1
Virginia,Frederick,3.7727278565706452,103.403,1
Virginia,Grayson,8.633499489363269,32.076,1
Virginia,Halifax,4.096399370774052,29.411,1
Virginia,Henrico,4.113516635225905,82.807,1
Virginia,Isle of Wight,3.508357368993562,51.674,1
Virginia,King and Queen,3.3862466931200785,74.134,1
Virginia,Lee,8.64517960685506,28.138,1
Virginia,Loudoun,3.5757525586574244,128.721,1
Virginia,Mathews,4.5563142999578075,76.389,1
Virginia,Northampton,2.5441555126853532,29.933,1
Virginia,Page,6.25487464223892,54.114,1
Virginia,Prince Edward,1.7965369214629685,39.454,1
Virginia,Prince William,3.9398972358630653,92.303,1
Virginia,Pulaski,4.714699890950472,45.917,1
Virginia,Scott,8.041013290428149,46.81,1
Virginia,Shenandoah,5.000519453536283,48.087,1
Virginia,Smyth,6.943494884575145,39.226,1
Virginia,Surry,2.75532878885513,51.683,1
Virginia,Sussex,3.8047589248453675,60.693,1
Washington,Adams,3.8527875144115686,52.156,1
Washington,Clallam,1.0583898437933774,32.393,1
Washington,Douglas,3.0807101304324425,42.039,1
Washington,Ferry,3.4178674903831747,34.573,1
Washington,Franklin,2.1411189233441563,56.676,1
Washington,Grant,3.435165881120052,46.12,1
Washington,Grays Harbor,1.4439958334227108,60.362,1
Washington,Island,1.8136758647622677,65.585,1
Washington,Jefferson,3.954266716644472,56.604,1
Washington,King,4.33040016162481,102.482,1
Washington,Kitsap,2.0500899620404507,65.03,1
Washington,Kittitas,1.789654704632668,66.862,1
Washington,Lewis,3.2614933781619104,48.838,1
Washington,Mason,1.0432490498727631,80.626,1
Washington,Okanogan,2.329024311496648,38.429,1
Washington,Pacific,0.7082212133692736,40.287,1
Washington,Pierce,1.7531890122500722,49.974,1
Washington,Skagit,1.5096204565351978,48.377,1
Washington,Snohomish,2.402843583965165,65.208,1
Washington,Spokane,1.0748437212730362,67.406,1
Washington,Walla Walla,1.5212696391880323,57.262,1
Washington,Whatcom,2.7238108607262115,66.707,1
Washington,Yakima,1.7319334082528128,57.826,1
West Virginia,Barbour,5.931500004863214,55.987,1
West Virginia,Boone,5.550355989745452,39.734,1
West Virginia,Braxton,5.532557763123568,44.153,1
West Virginia,Fayette,5.455088529765572,37.169,1
West Virginia,Hampshire,7.31137062053875,35.644,1
West Virginia,Harrison,4.497304699381941,51.659,1
West Virginia,Jefferson,2.3133848662932945,56.314,1
West Virginia,Kanawha,2.832895974181301,51.23,1
West Virginia,Lincoln,6.340052182927439,47.101,1
West Virginia,Logan,7.181825419223253,46.428,1
West Virginia,McDowell,9.106853606416195,31.452,1
West Virginia,Mercer,6.334053568143039,48.314,1
West Virginia,Mineral,6.550341727283093,31.601,1
West Virginia,Nicholas,6.95873551731922,39.721,1
West Virginia,Ohio,3.998052485399918,73.579,1
West Virginia,Preston,6.054169475372297,45.567,1
West Virginia,Raleigh,6.083491528686539,50.399,1
West Virginia,Randolph,5.673436241633353,18.963,1
West Virginia,Ritchie,7.988272654335229,48.572,1
West Virginia,Wayne,5.568747516732061,36.799,1
West Virginia,Wood,5.066746913969635,72.002,1
West Virginia,Wyoming,8.69258164239808,16.052,1
Wisconsin,Adams,4.886910042529894,57.727,1
Wisconsin,Bayfield,3.6317564858362674,51.306,1
Wisconsin,Brown,1.9828486590141163,71.829,1
Wisconsin,Buffalo,4.022477827018125,45.553,1
Wisconsin,Calumet,3.4686989650242293,58.191,1
Wisconsin,Chippewa,3.3904716199435487,41.351,1
Wisconsin,Columbia,0.9858014563177493,59.53,1
Wisconsin,Crawford,2.3382072437562282,48.611,1
Wisconsin,Dane,5.589361111078608,89.428,1
Wisconsin,Dodge,4.548436639337627,54.692,1
Wisconsin,Door,0.9537595718378264,59.448,1
Wisconsin,Douglas,2.069230875932033,74.104,1
Wisconsin,Dunn,2.686235103418352,53.235,1
Wisconsin,Fond du Lac,4.084638102310006,56.695,1
Wisconsin,Grant,2.5919005995502062,58.921,1
Wisconsin,Green,1.3292251044267642,57.246,1
Wisconsin,Green Lake,4.904111995602141,58.334,1
Wisconsin,Iowa,2.743262691773872,22.24,1
Wisconsin,Jackson,3.347294364414907,55.828,1
Wisconsin,Jefferson,2.9024906776413073,70.58,1
Wisconsin,Juneau,4.324997974177042,48.649,1
Wisconsin,Kenosha,1.3291681073502135,74.285,1
Wisconsin,Lafayette,3.673452446073478,44.991,1
Wisconsin,Manitowoc,3.621429841700741,64.247,1
Wisconsin,Marathon,3.2364489755270816,64.992,1
Wisconsin,Marinette,5.068463316267517,31.087,1
Wisconsin,Marquette,4.814308890532258,37.293,1
Wisconsin,Menominee,10.671873729054747,28.944,1
Wisconsin,Milwaukee,4.990636657618547,61.124,1
Wisconsin,Oconto,5.891661805646756,35.49,1
Wisconsin,Outagamie,2.33251133696191,50.834,1
Wisconsin,Ozaukee,2.6450360498157632,90.405,1
Wisconsin,Pepin,3.9271535762263747,51.537,1
Wisconsin,Portage,1.1352589067645,82.11,1
Wisconsin,Racine,1.543629150482565,71.051,1
Wisconsin,Rock,2.467175818975845,59.048,1
Wisconsin,Sauk,1.0107396719162567,47.163,1
Wisconsin,Sawyer,3.7012199510720234,40.985,1
Wisconsin,Shawano,5.085127422230592,61.462,1
Wisconsin,Sheboygan,2.8419823980466647,78.002,1
Wisconsin,Taylor,3.843671360016296,29.241,1
Wisconsin,Trempealeau,3.118523823813866,57.208,1
Wisconsin,Vernon,1.7517272581931167,46.131,1
Wisconsin,Walworth,3.3945421880817253,76.36,1
Wisconsin,Washburn,3.733343422100977,66.147,1
Wisconsin,Washington,5.328356017846059,63.765,1
Wisconsin,Waukesha,3.5428664559381255,72.641,1
Wisconsin,Winnebago,1.3103097972257867,78.633,1
Wisconsin,Wood,3.564940392208543,57.534,1
Wyoming,Albany,0.7363988716023753,23.53,1
Wyoming,Carbon,4.010636083431401,59.69,1
Wyoming,Converse,5.131601439446884,68.068,1
Wyoming,Crook,6.030478145774733,68.007,1
Wyoming,Fremont,3.330254988825674,64.482,1
Wyoming,Goshen,4.792572378170203,45.379,1
Wyoming,Johnson,4.6841409533219895,60.749,1
Wyoming,Laramie,2.6005910173024667,37.5,1
Wyoming,Lincoln,4.751415511938375,71.699,1
Wyoming,Niobrara,5.245406153415169,62.164,1
Wyoming,Park,4.3628445944665035,55.72,1
Wyoming,Platte,4.720326416836179,127.999,1
Wyoming,Sheridan,3.7935661206098827,68.733,1
Wyoming,Uinta,4.329668780176117,89.13,1
Wyoming,Weston,6.0519969156193945,69.215,1
